{
	"name": "Python 3, Node.js with Yarn and Checkov",
	// Or use a Dockerfile or Docker Compose file. More info: https://containers.dev/guide/dockerfile
	"image": "mcr.microsoft.com/devcontainers/python:0-3.9",
	"features": {
		"ghcr.io/devcontainers/features/node:1": {},
        "docker-in-docker": {
            "version": "latest",
            "moby": true,
            "dockerDashComposeVersion": "v1"
        }
	},
    // Configure tool-specific properties.
    //id:wesbos.theme-cobalt2
    "customizations": {
        // Configure properties specific to VS Code.
        "vscode": {
            "settings": {},
            "extensions": [
                "GitHub.vscode-pull-request-github",
                "bridgecrew.checkov",
                "dbaeumer.vscode-eslint",
                "esbenp.prettier-vscode",
                "wesbos.theme-cobalt2"
            ],
            "codespaces": {
                "repositories": {
                    "devcontainers/features": {
                        "permissions": {
                            "contents": "write",
                            "workflows": "write"
                        }
                    }
                }
            }
        }
    },	
	"postCreateCommand": "pip3 install checkov",
    "forwardPorts": [
        3000
    ],
    "appPort": 3000,
}
